pos,name
WR,Cooper Kupp
RB,Austin Ekeler
QB,Jalen Hurts
WR,Tyreek Hill
RB,Josh Jacobs
QB,Justin Fields
WR,Davante Adams
QB,Justin Herbert
WR,A.J. Brown
WR,Keenan Allen
WR,Jaylen Waddle
WR,DK Metcalf
QB,Tua Tagovailoa
QB,Russell Wilson
QB,Geno Smith
WR,DeVonta Smith
RB,Aaron Jones
WR,Mike Williams
RB,Kenneth Walker III
RB,Rhamondre Stevenson
WR,Tyler Lockett
QB,Matthew Stafford
WR,Jerry Jeudy
RB,Cam Akers
QB,Jimmy Garoppolo
RB,Javonte Williams
RB,Ezekiel Elliott
TE,Dallas Goedert
QB,Jordan Love
QB,Mac Jones
WR,DJ Moore
WR,Christian Watson
RB,D'Andre Swift
QB,Jarrett Stidham
QB,Nathan Peterman
QB,Drew Lock
QB,Matt Corral
QB,Mike White
QB,Marcus Mariota
QB,Sean Clifford
QB,Brian Hoyer
QB,Bailey Zappe
RB,Khalil Herbert
QB,Easton Stick
RB,AJ Dillon
QB,Stetson Bennett
QB,Tanner McKee
QB,Jarrett Guarantano
QB,James Blackman
QB,Skylar Thompson
QB,Max Duggan
QB,Aidan O'Connell
RB,Samaje Perine
QB,Brett Rypien
QB,Alex McGough
QB,Dresser Winn
QB,Malik Cunningham
QB,Chase Garbers
QB,Holton Ahlers
QB,Braxton Burmeister
QB,Ian Book
QB,Tyson Bagent
QB,Danny Etling
QB,Trace McSorley
QB,Ben DiNucci
WR,Courtland Sutton
RB,Raheem Mostert
WR,Darnell Mooney
RB,D'Onta Foreman
WR,JuJu Smith-Schuster
WR,Jakobi Meyers
RB,Zamir White
RB,Rashaad Penny
WR,Van Jefferson
RB,Jeff Wilson Jr.
TE,Gerald Everett
RB,Ameer Abdullah
WR,Hunter Renfrow
WR,Romeo Doubs
TE,Tyler Higbee
TE,Greg Dulcich
WR,Joshua Palmer
WR,Chase Claypool
WR,Jaxon Smith-Njigba
WR,Tyquan Thornton
RB,Joshua Kelley
WR,Tim Patrick
WR,Demarcus Robinson
TE,Cole Kmet
WR,DeVante Parker
WR,Quentin Johnston
TE,Hunter Henry
WR,Ben Skowronek
WR,Quez Watkins
TE,Noah Fant
WR,Tutu Atwell
RB,Damien Williams
WR,Jayden Reed
RB,Kyren Williams
RB,Kenneth Gainwell
WR,Kendrick Bourne
WR,Kendall Hinton
WR,Robbie Chosen
TE,Austin Hooper
WR,Braxton Berrios
TE,Mike Gesicki
RB,Zach Charbonnet
RB,Ty Montgomery II
WR,DeAndre Carter
TE,Michael Mayer
WR,Marvin Mims Jr.
WR,Equanimeous St. Brown
RB,Isaiah Spiller
TE,Durham Smythe
RB,De'Von Achane
WR,Marquez Callaway
WR,Deon Cain
RB,Darrynton Evans
D,Philadelphia Eagles
WR,Dante Pettis
WR,Cedrick Wilson Jr.
TE,Robert Tonyan
WR,Olamide Zaccheaus
WR,Isaiah Ford
WR,Isaiah Zuber
TE,Luke Musgrave
TE,Eric Saubert
WR,KJ Hamler
WR,Josh Hammond
WR,Phillip Dorsett II
RB,CJ Marable
RB,Aaron Shampklin
WR,Alex Erickson
RB,Darwin Thompson
WR,J.J. Koski
RB,Travis Homer
WR,Jalen Guyton
TE,Will Dissly
WR,Jalen Reagor
WR,Devin Ross
TE,Colby Parkinson
WR,Dee Eskridge
RB,Royce Freeman
TE,Josiah Deguara
TE,Adam Trautman
RB,Zach Evans
TE,Donald Parham Jr.
RB,Kevin Harris
RB,Brandon Bolden
RB,DeeJay Dallas
RB,Boston Scott
RB,Patrick Taylor
WR,Velus Jones Jr.
WR,River Cracraft
WR,Samori Toure
WR,Tyler Johnson
RB,Trestan Ebner
RB,Tyler Badie
WR,Freddie Swain
WR,Tre Tucker
WR,Demario Douglas
TE,O.J. Howard
WR,Dontayvion Wicks
TE,Hunter Long
TE,Tyler Kroft
WR,Marcus Jones
WR,Erik Ezukanma
WR,Brandon Johnson
TE,Chris Manhertz
WR,Austin Trammell
WR,Keelan Cole Sr.
WR,Britain Covey
RB,Kenny McIntosh
TE,Dan Arnold
TE,Tre' McKitty
TE,Brycen Hopkins
RB,Austin Walter
RB,Lew Nichols III
RB,Alec Ingold
RB,Salvon Ahmed
D,Seattle Seahawks
RB,Roschon Johnson
TE,Jake Tonges
WR,Dareke Young
TE,Anthony Firkser
TE,Marcedes Lewis
WR,Braylon Sanders
TE,Stone Smartt
WR,Malik Heath
WR,Michael Bandy
WR,Cade Johnson
WR,Jared Pinkney
RB,Trey Sermon
WR,Jalen Virgil
RB,J.J. Taylor
RB,Jakob Johnson
TE,Albert Okwuegbunam
WR,Kristian Wilkerson
TE,Pharaoh Brown
RB,Nate McCrary
WR,Keke Coutee
TE,Tyler Davis
D,Green Bay Packers
TE,Jacob Hollister
RB,Ronnie Rivers
TE,Jack Stoll
TE,Tyler Mabry
WR,Lil'Jordan Humphrey
WR,Trent Taylor
TE,Chase Allen
WR,Nsimba Webster
TE,Jesper Horsted
WR,Milton Wright
WR,Taylor Grimes
TE,Griffin Hebert
RB,Emanuel Wilson
TE,Noah Gindorff
RB,Elijah Dotson
WR,John Hall
WR,C.J. Johnson
WR,Ra'Shaun Henry
TE,Tucker Kraft
TE,Patrick Scales
TE,Hunter Kampmoyer
TE,Nate Adkins
TE,Lucas Krull
RB,Henry Pearson
TE,Nikola Kalinic
RB,SaRodorick Thompson Jr.
TE,Stephen Carlson
TE,Matt Orzech
RB,John Lovett
TE,Ben Sims
WR,Jadakis Bonds
RB,Jaleel McLaughlin
WR,Charleston Rambo
WR,Puka Nacua
WR,Scotty Washington
WR,David Sills V
WR,Cody Thompson
RB,Sincere McCormick
RB,Kennedy Brooks
WR,Easop Winston Jr.
TE,Sal Cannella
WR,Joe Reed
TE,Grant Calcaterra
TE,John Samuel Shenker
RB,Tyler Hoosman
WR,Jadon Haselwood
WR,Keelan Doss
TE,Camren McDonald
WR,Matthew Slater
WR,Grant DuBose
RB,Tyler Goodson
WR,Dominique Robinson
WR,Pokey Wilson
WR,Darrius Shepherd
WR,Tyrie Cleveland
TE,Tanner Conner
WR,Tyler Hudson
WR,Tyler Scott
TE,Michael Ezeike
RB,Khari Blasingame
RB,Chris Smith
D,Chicago Bears
D,Denver Broncos
WR,Terrell Bynum
TE,Christian Sims
RB,Brittain Brown
TE,Brady Russell
WR,Nick Williams
WR,Jeff Cotton Jr.
TE,Dre Miller
WR,Justin Marshall
WR,Chris Coleman
WR,Malik Flowers
WR,Tyjon Lindsey
TE,Mitchell Fraboni
RB,Bryant Koback
WR,Tre Nixon
TE,Austin Allen
RB,Chris Brooks
TE,Jack Driscoll
WR,Kayshon Boutte
WR,Daewood Davis
TE,Kris Leach
WR,Cody Chrest
WR,Johnny King
RB,Robert Burns
WR,Raleigh Webb
RB,Wayne Taulapapa
TE,Nick Bowers
WR,Sam James
TE,Cole Fotheringham
TE,Nick Vannett
WR,T.J. Luther
WR,Derius Davis
WR,Michael Jacquet III
RB,Dwayne Washington
WR,Devon Allen
TE,Davis Allen
WR,Blake Lynch
TE,Damien Caffrey
WR,Thyrick Pitts
WR,Joseph Ngata
WR,Ed Lee
WR,Bo Melton
WR,Antoine Wesley
WR,Chris Lacy
WR,Xavier Smith
WR,John Hightower
RB,Michael Burton
WR,Matt Landers
WR,Jake Bobo
TE,Matt Sokol
TE,Lachlan Pitts
RB,Nick Bellore
WR,Duece Watts
WR,Tino Ellis
WR,DJ Turner
WR,Greg Ward
TE,Julian Hill
WR,Dallas Daniels
D,Las Vegas Raiders
D,New England Patriots
D,Los Angeles Chargers
D,Miami Dolphins
D,Los Angeles Rams
WR,Justin Jefferson
RB,Christian McCaffrey
QB,Lamar Jackson
RB,Nick Chubb
RB,Derrick Henry
WR,Ja'Marr Chase
TE,Mark Andrews
RB,Jonathan Taylor
QB,Trevor Lawrence
QB,Joe Burrow
RB,Bijan Robinson
RB,Travis Etienne Jr.
WR,DeAndre Hopkins
RB,Joe Mixon
QB,Kirk Cousins
QB,Deshaun Watson
WR,Tee Higgins
RB,Alexander Mattison
WR,Chris Olave
TE,T.J. Hockenson
QB,Sam Howell
WR,Deebo Samuel
QB,Derek Carr
WR,Calvin Ridley
RB,Alvin Kamara
QB,Kyler Murray
RB,Miles Sanders
WR,Terry McLaurin
WR,Christian Kirk
QB,Brock Purdy
WR,Chris Godwin
RB,Jamaal Williams
WR,Amari Cooper
QB,Anthony Richardson
QB,Gardner Minshew II
RB,Najee Harris
RB,James Conner
TE,George Kittle
WR,Michael Pittman Jr.
WR,Brandon Aiyuk
QB,Kenny Pickett
QB,Desmond Ridder
WR,Marquise Brown
QB,Bryce Young
QB,Ryan Tannehill
WR,Mike Evans
RB,J.K. Dobbins
RB,Brian Robinson Jr.
WR,Diontae Johnson
RB,Rachaad White
QB,C.J. Stroud
QB,Baker Mayfield
RB,Dameon Pierce
QB,Taylor Heinicke
QB,Sam Darnold
WR,Drake London
QB,Will Levis
QB,Tyler Huntley
QB,Brandon Allen
QB,P.J. Walker
QB,Malik Willis
QB,Kyle Trask
QB,Mitch Trubisky
QB,Trevor Siemian
QB,Josh Johnson
QB,Andy Dalton
QB,Logan Woodside
WR,Jahan Dotson
QB,Jameis Winston
QB,Nick Mullens
QB,Colt McCoy
QB,C.J. Beathard
QB,Joshua Dobbs
QB,Jacoby Brissett
QB,Davis Mills
WR,Rashod Bateman
QB,Anthony Brown
TE,Kyle Pitts
RB,Kareem Hunt
QB,Jaren Hall
QB,Sam Ehlinger
QB,Case Keenum
QB,Mason Rudolph
TE,Taysom Hill
QB,Nathan Rourke
QB,Kellen Mond
QB,Chase Daniel
QB,Clayton Tune
QB,Jake Haener
WR,Adam Thielen
QB,John Wolford
QB,Reid Sinnett
QB,Tim DeMorat
QB,Bryce Perkins
QB,Jake Browning
QB,Nolan Henderson
QB,Jake Fromm
QB,Jeff Driskel
QB,Jake Luton
QB,Dorian Thompson-Robinson
QB,Tanner Morgan
WR,Michael Thomas
QB,Austin Aune
WR,Donovan Peoples-Jones
RB,Antonio Gibson
TE,Evan Engram
WR,Nico Collins
WR,George Pickens
TE,Pat Freiermuth
RB,Zack Moss
WR,Elijah Moore
WR,Odell Beckham Jr.
WR,Treylon Burks
TE,David Njoku
WR,Zay Jones
RB,Deon Jackson
WR,Rondale Moore
WR,DJ Chark Jr.
WR,Jordan Addison
RB,Elijah Mitchell
WR,Zay Flowers
WR,Terrace Marshall Jr.
RB,Cordarrelle Patterson
WR,Rashid Shaheed
RB,Tyler Allgeier
WR,Mack Hollins
WR,Robert Woods
WR,Tyler Boyd
RB,Keaontay Ingram
RB,Tyjae Spears
WR,Curtis Samuel
RB,Chuba Hubbard
WR,Alec Pierce
RB,Pierre Strong Jr.
RB,Gus Edwards
WR,Russell Gage
TE,Dalton Schultz
RB,Kendre Miller
TE,Chig Okonkwo
WR,John Metchie III
WR,K.J. Osborn
RB,Evan Hull
RB,Jerome Ford
RB,Devin Singletary
TE,Juwan Johnson
RB,Jaylen Warren
WR,Allen Robinson II
D,Baltimore Ravens
WR,Isaiah McKenzie
TE,Hayden Hurst
WR,Jarvis Landry
TE,Zach Ertz
WR,Devin Duvernay
RB,Kene Nwangwu
RB,Tank Bigsby
WR,Laviska Shenault Jr.
WR,Greg Dortch
WR,Zach Pascal
D,Washington Commanders
WR,Tank Dell
WR,Josh Downs
TE,Cade Otton
WR,Nick Westbrook-Ikhine
WR,Nelson Agholor
TE,Irv Smith Jr.
RB,Chase Edmonds
RB,Ty Chandler
TE,Logan Thomas
RB,Mark Ingram II
WR,Jamal Agnew
RB,Trayveon Williams
D,Minnesota Vikings
WR,Laquon Treadwell
TE,Jelani Woods
WR,N'Keal Harry
RB,Ke'Shawn Vaughn
WR,Jauan Jennings
D,San Francisco 49ers
WR,Jalen Nailor
TE,Isaiah Likely
WR,KhaDarel Hodge
WR,Dyami Brown
RB,Chase Brown
WR,Shi Smith
TE,Trey McBride
RB,Corey Clement
WR,Scotty Miller
WR,Sammy Watkins
RB,Rex Burkhead
RB,Larry Rountree III
WR,Noah Brown
TE,Jonnu Smith
WR,Brandon Powell
WR,Trenton Irwin
RB,DeWayne McBride
WR,Marquise Goodwin
RB,Myles Gaskin
WR,Ashton Dulin
WR,James Proche II
RB,Justice Hill
TE,Mo Alie-Cox
RB,JaMycal Hasty
RB,Melvin Gordon III
D,Atlanta Falcons
RB,Kenyan Drake
WR,Chris Moore
RB,Raheem Blackshear
RB,Jonathan Williams
RB,Mike Boone
TE,Ian Thomas
TE,Harrison Bryant
RB,Derrick Gore
RB,Hassan Haskins
TE,Foster Moreau
RB,Tony Jones Jr.
RB,Malcolm Brown
WR,Steven Sims Jr.
WR,Jonathan Mingo
RB,Julius Chestnut
RB,Anthony McFarland Jr.
D,Jacksonville Jaguars
WR,James Washington
WR,Trey Palmer
TE,Connor Heyward
TE,Teagan Quitoriano
TE,Tommy Tremble
RB,Abram Smith
WR,Cedric Tillman
RB,Ty'Son Williams
WR,Julio Jones
WR,Damiere Byrd
RB,John Kelly Jr.
WR,Tre'Quan Smith
RB,Dare Ogunbowale
TE,Eric Tomlinson
TE,Josh Whyle
D,New Orleans Saints
WR,Deven Thompkins
RB,Snoop Conner
TE,Cameron Latu
TE,Josh Oliver
RB,Marlon Mack
WR,Ray-Ray McCloud III
WR,Calvin Austin III
RB,Jordan Mason
TE,John Bates
RB,Caleb Huntley
TE,Ko Kieft
TE,Drew Sample
WR,Andre Baccellia
WR,Tylan Wallace
WR,David Bell
TE,Geoff Swaim
TE,Charlie Kolar
RB,Darrel Williams
WR,Byron Pringle
RB,Spencer Brown
RB,Eno Benjamin
WR,Amari Rodgers
TE,Will Mallory
WR,Penny Hart
WR,Pharoh Cooper
TE,Jordan Akins
WR,David Moore
WR,Gunner Olszewski
WR,Dax Milne
WR,Parker Washington
TE,Darnell Washington
RB,Jake Funk
RB,Kyle Juszczyk
RB,Jason Huntley
WR,Demetric Felton
WR,Charlie Jones
WR,Rashard Higgins
TE,MyCole Pruitt
RB,Chris Rodriguez Jr.
TE,David Wells
TE,Parker Hesse
TE,Brenton Strange
TE,Ross Dwelley
TE,Payne Durham
RB,Zander Horvath
TE,Noah Togiai
WR,J.J. Arcega-Whiteside
RB,Chris Evans
TE,Johnny Mundt
TE,Kylen Granson
WR,Breshad Perriman
RB,Dontrell Hilliard
TE,Mitchell Wilcox
WR,Austin Watkins Jr.
WR,Danny Gray
RB,Sean Tucker
TE,Brevin Jordan
WR,Jakeem Grant Sr.
RB,Titus Swen
TE,Ricky Seals-Jones
RB,Alex Armah
TE,Cole Turner
RB,D'Ernest Johnson
WR,Mike Strachan
RB,Derek Watt
D,Carolina Panthers
RB,Patrick Ricard
RB,Tyrion Davis-Price
RB,Patrick Laird
TE,Zach Gentry
WR,Rakim Jarrett
RB,C.J. Ham
RB,Keaton Mitchell
WR,Keith Kirkwood
TE,Chris Pierce Jr.
WR,Frank Darby
RB,David Johnson
TE,Trevon Wesco
RB,Avery Williams
WR,C.J. Saunders
TE,Andrew Beck
TE,Tanner Hudson
TE,Devin Asiasi
RB,Jonathan Ward
TE,Luke Farrell
WR,Davion Davis
WR,Derek Wright
WR,Michael Wilson
WR,Seth Williams
WR,Anthony Schwartz
WR,Stanley Morgan
WR,Bryan Edwards
WR,Jontre Kirklin
TE,Charlie Woerner
TE,Feleipe Franks
WR,Chris Conley
WR,Racey McMath
WR,Kyle Philips
WR,Malik Turner
TE,Kyle Rudolph
TE,Giovanni Ricci
WR,Lance McCutcheon
RB,Owen Wright
WR,Shemar Bridges
TE,Stephen Sullivan
TE,Jesse James
TE,Chris Herndon
WR,Dez Fitzpatrick
WR,Jacob Copeland
TE,Sammis Reyes
RB,Carlos Washington Jr.
TE,Jacob Harris
RB,Qadree Ollison
WR,Kirk Merritt
RB,Monte Pottebaum
TE,Adam Shaheen
WR,Malik Knowles
RB,Camerun Peoples
WR,Brandon Smith
WR,Jordan Matthews
TE,Kaden Smith
WR,Vyncint Smith
WR,Elijah Cooks
TE,Dominique Dafney
TE,Johnny Lumpkin
RB,Jacques Patrick
WR,Mac Hippenhammer
WR,Bisi Johnson
TE,Sam Tecklenburg
TE,Rodney Williams II
TE,Bernhard Seikovits
WR,Zion Bowens
WR,Kaden Davis
WR,Jordan Byrd
WR,Dontay Demus Jr.
TE,Leonard Taylor
WR,Jesse Matthews
WR,Brian Cobbs
RB,Darius Anderson
TE,Danny Pinter
WR,Kendric Pryor
RB,Chuck McClelland
WR,Sean Ryan
WR,Darius Phillips
RB,Troy Hairston
TE,Zaire Mitchell-Paden
RB,Emari Demercado
TE,Bernhard Raimann
WR,Shae Wyatt
WR,Johnny Johnson III
WR,Mike Thomas
WR,Taye Barber
WR,Makai Polk
WR,Slade Bolden
WR,C.J. Board
TE,Travis Vokolek
WR,Garett Maag
WR,Kaylon Geiger Sr.
TE,Mason Schreck
WR,Kawaan Baker
WR,Isaiah Winstead
WR,Cephus Johnson III
WR,Lucky Jackson
WR,Jalen Wayne
WR,Zavier Scott
RB,Clint Ratkovich
WR,Elijah Higgins
TE,Brayden Willis
TE,Stephen Anderson
TE,La'Michael Pettway
TE,Michael Jacobson
TE,Jordan Murray
RB,Jaret Patterson
TE,Richard Rodgers
WR,Cody Hollister
TE,Thomas Odukoya
WR,Hakeem Butler
WR,Cody White
TE,Christian Trahan
WR,Kwamie Lassiter II
RB,Derek Parish
RB,Tiyon Evans
WR,Kody Case
RB,Cullen Gillaspia
WR,Malachi Carter
WR,Trishton Jackson
TE,Jack Coco
WR,Sy Barnett
WR,Daylen Baldwin
RB,Hassan Hall
WR,Kade Warner
RB,Calvin Tyler Jr.
WR,Juwann Winfree
WR,Auden Tate
RB,B.J. Baylor
RB,Jack Colletto
RB,Greg Bell
TE,Andrew DePaola
WR,Marcus Kemp
WR,Dan Chisena
WR,Reggie Roberson Jr.
WR,Kevin Austin Jr.
RB,Keith Smith
WR,Anthony Miller
WR,Xavier Hutchinson
WR,Jalen Camp
WR,Josh Ali
WR,Gavin Holmes
WR,Lynn Bowden Jr.
TE,Daniel Brunskill
WR,Alex Bachman
TE,Ryan Miller
RB,Trenton Cannon
WR,Tre'Shaun Harrison
TE,Armani Rogers
RB,Khalan Laborn
TE,Clark Harris
WR,Oliver Martin
TE,Justin Rigg
WR,Mason Kinsey
TE,Joel Honigford
WR,Andre Roberts
TE,Jimmy Graham
WR,Andrei Iosivas
WR,Colton Dowell
WR,Shaq Davis
WR,Ronnie Bell
RB,Toriano Clinton
WR,Jalen Sample
TE,Ryan Griffin
TE,Kevin Rader
RB,Gerrid Doaks
WR,Keilahn Harris
WR,Tarik Black
RB,Ben Mason
WR,Zay Malone
WR,Jaylon Moore
WR,Miles Boykin
TE,Alize Mack
RB,Jeremy McNichols
WR,Tim Jones
TE,Josh Pederson
WR,Blake Proehl
TE,Tommy Hudson
WR,Dazz Newsome
WR,Braxton Westfield
RB,Darius Hagans
WR,Willie Snead IV
TE,Brian Walker
WR,Ja'Marcus Bradley
TE,Nick Eubanks
WR,Mathew Sexton
WR,Tyler Adams
TE,Tyler Ott
TE,Thomas Greaney
TE,Brandon Dillon
RB,Jacob Saylors
TE,John FitzPatrick
WR,Jared Wayne
WR,Kearis Jackson
TE,Tucker Fisk
RB,Ellis Merriweather
WR,Brycen Tremayne
RB,Ronnie Brown
WR,Josh Vann
TE,Tanner Taula
RB,Alfonzo Graham
RB,Zach Ojile
TE,Charlie Heck
TE,Jake Bargas
WR,Aron Cruickshank
WR,Marquez Stevenson
TE,Colin Thompson
WR,A.T. Perry
TE,Blake Whiteheart
WR,Gary Jennings
TE,Drew Ogletree
WR,Shedrick Jackson
WR,Tay Martin
WR,Thayer Thomas
TE,Leroy Watson IV
RB,Ronald Awatt
RB,Elijah Holyfield
TE,Maxx Williams
WR,Javon Wims
RB,Adam Prentice
TE,Hunter Thedford
WR,Jaray Jenkins
TE,Jordan Thomas
WR,Chris Blair
WR,Ethan Fernea
TE,Curtis Hodges
WR,Kazmeir Allen
RB,Godwin Igwebuike
TE,Troy Fumagalli
WR,Daniel Arias
WR,Stantley Thomas-Oliver III
TE,Rashod Berry
WR,Michael Woods II
TE,Miller Forristall
WR,Mitchell Tinsley
TE,Cal Adomitis
WR,Mike Harley Jr.
WR,Kyric McGowan
WR,Jaelon Darden
TE,Dalton Keene
TE,Nick Muse
D,Cincinnati Bengals
D,Cleveland Browns
D,Tennessee Titans
D,Pittsburgh Steelers
D,Arizona Cardinals
D,Indianapolis Colts
D,Tampa Bay Buccaneers
D,Houston Texans
K,Daniel Carlson
K,Wil Lutz
K,Julian Diaz
K,Elliott Fry
QB,Josh Allen
QB,Aaron Rodgers
WR,Stefon Diggs
WR,Garrett Wilson
RB,Breece Hall
RB,Dalvin Cook
WR,Gabe Davis
RB,James Cook
WR,Allen Lazard
RB,Damien Harris
D,Buffalo Bills
D,New York Jets
K,Tyler Bass
TE,Dawson Knox
TE,Tyler Conklin
K,Greg Zuerlein
WR,Randall Cobb
WR,Khalil Shakir
TE,Dalton Kincaid
WR,Mecole Hardman Jr.
RB,Michael Carter
WR,Trent Sherfield
RB,Latavius Murray
TE,C.J. Uzomah
WR,Jason Brownlee
WR,Xavier Gipson
WR,Deonte Harty
TE,Jeremy Ruckert
RB,Nyheim Hines
TE,Quintin Morris
WR,Irvin Charles
TE,Jace Sternberger
TE,Reggie Gilliam
WR,Diontae Spencer
QB,Tim Boyle
QB,Matt Barkley
QB,Zach Wilson
RB,Isaiah Bowser
WR,Braydon Johnson
WR,Justin Shorter
TE,E.J. Jenkins
WR,Andy Isabella
WR,Bryan Thompson
TE,Nick Guggemos
RB,Israel Abanikanda
RB,Xazavian Valladay
QB,Shane Buechele
WR,Justin Hardee Sr.
RB,Ty Johnson
TE,Zach Davidson
RB,Nick Bawden
WR,Marcell Ateman
RB,Damarea Crockett
WR,Tyrell Shavers
TE,Kenny Yeboah
TE,Zack Kuntz
WR,Malik Taylor
WR,Isaiah Coulter
QB,Kyle Allen
WR,Jerome Kapp
QB,Chris Streveler
RB,Travis Dye
TE,Joel Wilson
WR,Tre'Davious White
WR,KeeSean Johnson
WR,Corey Davis
QB,Daniel Jones
QB,Dak Prescott
RB,Saquon Barkley
WR,CeeDee Lamb
RB,Tony Pollard
TE,Darren Waller
WR,Isaiah Hodgins
WR,Brandin Cooks
WR,Parris Campbell
D,Dallas Cowboys
K,Brandon Aubrey
WR,Darius Slayton
K,Graham Gano
D,New York Giants
WR,Michael Gallup
TE,Jake Ferguson
TE,Daniel Bellinger
WR,Sterling Shepard
WR,Cole Beasley
WR,Jalin Hyatt
RB,Matt Breida
WR,Wan'Dale Robinson
WR,KaVontae Turpin
RB,Deuce Vaughn
WR,Jalen Brooks
WR,Jalen Tolbert
RB,Rico Dowdle
WR,Antonio Callaway
WR,David Durden
RB,Hunter Luepke
WR,John Stephens Jr.
K,Tristan Vizcaino
RB,Eric Gray
WR,Jose Barbon
TE,Princeton Fant
TE,Tommy Sweeney
TE,Ryan Jones
TE,Luke Schoonmaker
QB,Tommy DeVito
RB,Malik Davis
TE,Lawrence Cager
WR,Bryce Ford-Wheaton
WR,Tyron Billy-Johnson
WR,Jaydon Mickens
QB,Tyrod Taylor
QB,Cooper Rush
RB,Gary Brightwell
WR,Adoree' Jackson
WR,Dontario Drummond
QB,Trey Lance
WR,Cam Sims
WR,Collin Johnson
WR,C.J. Goodwin
WR,Jalen Cropper
WR,Jeff Smith
WR,Dennis Houston
TE,Seth Green
WR,Noah Igbinoghene
RB,Ronald Jones II
TE,Tyree Jackson
RB,Taiwan Jones
RB,James Robinson
TE,Peyton Hendershot
TE,Chris Myarick
WR,Kalil Pimpleton
TE,Sean McKeon
K,Jake Elliott
K,Chad Ryland
K,Cairo Santos
K,Anders Carlson
K,Daniel Whelan
K,Parker White
K,Andre Szmyt
K,John Parker Romo
K,Cameron Dicker
K,Jason Sanders
RB,Tae Crowder
WR,Michael Davis
QB,Patrick Mahomes
QB,Jared Goff
TE,Travis Kelce
WR,Amon-Ra St. Brown
RB,David Montgomery
RB,Isiah Pacheco
RB,Jahmyr Gibbs
WR,Marvin Jones Jr.
WR,Marquez Valdes-Scantling
WR,Kadarius Toney
K,Harrison Butker
RB,Jerick McKinnon
D,Kansas City Chiefs
K,Riley Patterson
WR,Skyy Moore
WR,Josh Reynolds
RB,Clyde Edwards-Helaire
D,Detroit Lions
WR,Kalif Raymond
WR,Rashee Rice
TE,Sam LaPorta
WR,Richie James Jr.
WR,Justin Watson
WR,Jameson Williams
RB,Justin Jackson
WR,Denzel Mims
WR,Cornell Powell
TE,Brock Wright
TE,Noah Gray
WR,Justyn Ross
RB,Deneric Prince
WR,Kekoa Crawford
TE,Patrick Murtagh
WR,Trinity Benson
WR,Chase Cota
TE,Blake Bell
TE,Izaiah Gathings
QB,Nate Sudfeld
TE,Derrick Deese Jr.
TE,Matt Bushman
WR,Trey Quinn
QB,Chris Oladokun
WR,Tom Kennedy
WR,Keytaon Thompson
RB,La'Mical Perine
WR,Ty Fryfogle
TE,Shane Zylstra
WR,Avery Davis
TE,Kendall Blanton
WR,Nikko Remigio
RB,Jerrion Ealy
WR,Ty Scott
WR,Antoine Green
WR,Dylan Drummond
WR,Maurice Alexander
TE,James Winchester
RB,Jermar Jefferson
QB,Hendon Hooker
RB,Jason Cabinda
TE,James Mitchell
QB,Adrian Martinez
RB,Craig Reynolds
TE,Daniel Helm
QB,Blaine Gabbert
RB,Mohamed Ibrahim
TE,Darrell Daniels
TE,Jody Fortson
K,Jason Myers
K,Brett Maher
K,Tanner Brown
K,Christopher Dunn
